Keys,IV,PlainText,CipherText,CipherTextLength,PlainTextLength,Key1,Key2,Key3
01010101010101010707070707070707FEFEFEFEFEFEFEFE,0000000000000000,A1A7419DDAB95ACEF4F214C88FEC0F9B0B0DEB377013F064,000000000000000000000000000000000000000000000000,192,192,0101010101010101,0707070707070707,FEFEFEFEFEFEFEFE
01010101010101010707070707070707FEFEFEFEFEFEFEFE,0000000000000000,A1A7419DDAB95ACEF4F214C88FEC0F9BE101914BFA84919C,000000000000000000000000000000000000000000000001,192,192,0101010101010101,0707070707070707,FEFEFEFEFEFEFEFE
01010101010101010707070707070707FEFEFEFEFEFEFEFE,0000000000000000,A1A7419DDAB95ACEF4F214C88FEC0F9BEC2B3E7653218BF2,000000000000000000000000000000000000000000000002,192,192,0101010101010101,0707070707070707,FEFEFEFEFEFEFEFE
01010101010101010707070707070707FEFEFEFEFEFEFEFE,0000000000000000,A1A7419DDAB95ACEF4F214C88FEC0F9B940003B0E14E99AE,000000000000000000000000000000000000000000000004,192,192,0101010101010101,0707070707070707,FEFEFEFEFEFEFEFE
01010101010101010707070707070707FEFEFEFEFEFEFEFE,0000000000000000,A1A7419DDAB95ACEF4F214C88FEC0F9B16B565CF59BDA6D9,000000000000000000000000000000000000000000000008,192,192,0101010101010101,0707070707070707,FEFEFEFEFEFEFEFE
01010101010101010707070707070707FEFEFEFEFEFEFEFE,0000000000000000,A1A7419DDAB95ACEF4F214C88FEC0F9B36C15501B14121F8,000000000000000000000000000000000000000000000010,192,192,0101010101010101,0707070707070707,FEFEFEFEFEFEFEFE
01010101010101010707070707070707FEFEFEFEFEFEFEFE,0000000000000000,A1A7419DDAB95ACEF4F214C88FEC0F9BE250DCDBBF998DAE,000000000000000000000000000000000000000000000020,192,192,0101010101010101,0707070707070707,FEFEFEFEFEFEFEFE
01010101010101010707070707070707FEFEFEFEFEFEFEFE,0000000000000000,A1A7419DDAB95ACEF4F214C88FEC0F9BAE18CB50F98C4876,000000000000000000000000000000000000000000000040,192,192,0101010101010101,0707070707070707,FEFEFEFEFEFEFEFE
01010101010101010707070707070707FEFEFEFEFEFEFEFE,0000000000000000,A1A7419DDAB95ACEF4F214C88FEC0F9BCD5951389E53B1EE,000000000000000000000000000000000000000000000080,192,192,0101010101010101,0707070707070707,FEFEFEFEFEFEFEFE
01010101010101010707070707070707FEFEFEFEFEFEFEFE,0000000000000000,A1A7419DDAB95ACEF4F214C88FEC0F9B767B7DD7CCAA0854,000000000000000000000000000000000000000000000100,192,192,0101010101010101,0707070707070707,FEFEFEFEFEFEFEFE
01010101010101010707070707070707FEFEFEFEFEFEFEFE,0000000000000000,A1A7419DDAB95ACEF4F214C88FEC0F9BF6C1D0598CDAA8C6,000000000000000000000000000000000000000000000200,192,192,0101010101010101,0707070707070707,FEFEFEFEFEFEFEFE
01010101010101010707070707070707FEFEFEFEFEFEFEFE,0000000000000000,A1A7419DDAB95ACEF4F214C88FEC0F9BB2F14D2ECEFBA366,000000000000000000000000000000000000000000000400,192,192,0101010101010101,0707070707070707,FEFEFEFEFEFEFEFE
01010101010101010707070707070707FEFEFEFEFEFEFEFE,0000000000000000,A1A7419DDAB95ACEF4F214C88FEC0F9B77382B55D4EF1B4E,000000000000000000000000000000000000000000000800,192,192,0101010101010101,0707070707070707,FEFEFEFEFEFEFEFE
01010101010101010707070707070707FEFEFEFEFEFEFEFE,0000000000000000,A1A7419DDAB95ACEF4F214C88FEC0F9BA39E27ADDB82A09A,000000000000000000000000000000000000000000001000,192,192,0101010101010101,0707070707070707,FEFEFEFEFEFEFEFE
01010101010101010707070707070707FEFEFEFEFEFEFEFE,0000000000000000,A1A7419DDAB95ACEF4F214C88FEC0F9B0822646163D1A65A,000000000000000000000000000000000000000000002000,192,192,0101010101010101,0707070707070707,FEFEFEFEFEFEFEFE
01010101010101010707070707070707FEFEFEFEFEFEFEFE,0000000000000000,A1A7419DDAB95ACEF4F214C88FEC0F9BE4A401CF1D85F2AD,000000000000000000000000000000000000000000004000,192,192,0101010101010101,0707070707070707,FEFEFEFEFEFEFEFE
01010101010101010707070707070707FEFEFEFEFEFEFEFE,0000000000000000,A1A7419DDAB95ACEF4F214C88FEC0F9B6B4771A3C1CD9F71,000000000000000000000000000000000000000000008000,192,192,0101010101010101,0707070707070707,FEFEFEFEFEFEFEFE
01010101010101010707070707070707FEFEFEFEFEFEFEFE,0000000000000000,A1A7419DDAB95ACEF4F214C88FEC0F9BF0E6644F6BA81F7E,000000000000000000000000000000000000000000010000,192,192,0101010101010101,0707070707070707,FEFEFEFEFEFEFEFE
01010101010101010707070707070707FEFEFEFEFEFEFEFE,0000000000000000,A1A7419DDAB95ACEF4F214C88FEC0F9B95644824DFDDC68C,000000000000000000000000000000000000000000020000,192,192,0101010101010101,0707070707070707,FEFEFEFEFEFEFEFE
01010101010101010707070707070707FEFEFEFEFEFEFEFE,0000000000000000,A1A7419DDAB95ACEF4F214C88FEC0F9B90CBF25E67B93428,000000000000000000000000000000000000000000040000,192,192,0101010101010101,0707070707070707,FEFEFEFEFEFEFEFE
01010101010101010707070707070707FEFEFEFEFEFEFEFE,0000000000000000,A1A7419DDAB95ACEF4F214C88FEC0F9BEC38A32277B60E53,000000000000000000000000000000000000000000080000,192,192,0101010101010101,0707070707070707,FEFEFEFEFEFEFEFE
01010101010101010707070707070707FEFEFEFEFEFEFEFE,0000000000000000,A1A7419DDAB95ACEF4F214C88FEC0F9B303E71F27860B4EB,000000000000000000000000000000000000000000100000,192,192,0101010101010101,0707070707070707,FEFEFEFEFEFEFEFE
01010101010101010707070707070707FEFEFEFEFEFEFEFE,0000000000000000,A1A7419DDAB95ACEF4F214C88FEC0F9B365716BA0BFEE8D1,000000000000000000000000000000000000000000200000,192,192,0101010101010101,0707070707070707,FEFEFEFEFEFEFEFE
01010101010101010707070707070707FEFEFEFEFEFEFEFE,0000000000000000,A1A7419DDAB95ACEF4F214C88FEC0F9B4B72EFE4B908C973,000000000000000000000000000000000000000000400000,192,192,0101010101010101,0707070707070707,FEFEFEFEFEFEFEFE
01010101010101010707070707070707FEFEFEFEFEFEFEFE,0000000000000000,A1A7419DDAB95ACEF4F214C88FEC0F9B2C6015B03AF51838,000000000000000000000000000000000000000000800000,192,192,0101010101010101,0707070707070707,FEFEFEFEFEFEFEFE
01010101010101010707070707070707FEFEFEFEFEFEFEFE,0000000000000000,A1A7419DDAB95ACEF4F214C88FEC0F9BECF4D5905D0C6C9B,000000000000000000000000000000000000000001000000,192,192,0101010101010101,0707070707070707,FEFEFEFEFEFEFEFE
01010101010101010707070707070707FEFEFEFEFEFEFEFE,0000000000000000,A1A7419DDAB95ACEF4F214C88FEC0F9BBE7CEA8EFD041B12,000000000000000000000000000000000000000002000000,192,192,0101010101010101,0707070707070707,FEFEFEFEFEFEFEFE
01010101010101010707070707070707FEFEFEFEFEFEFEFE,0000000000000000,A1A7419DDAB95ACEF4F214C88FEC0F9BCF6159169A0219B4,000000000000000000000000000000000000000004000000,192,192,0101010101010101,0707070707070707,FEFEFEFEFEFEFEFE
01010101010101010707070707070707FEFEFEFEFEFEFEFE,0000000000000000,A1A7419DDAB95ACEF4F214C88FEC0F9BD2B097D0248BE48F,000000000000000000000000000000000000000008000000,192,192,0101010101010101,0707070707070707,FEFEFEFEFEFEFEFE
01010101010101010707070707070707FEFEFEFEFEFEFEFE,0000000000000000,A1A7419DDAB95ACEF4F214C88FEC0F9BD0531D8BFD4EAFF1,000000000000000000000000000000000000000010000000,192,192,0101010101010101,0707070707070707,FEFEFEFEFEFEFEFE
01010101010101010707070707070707FEFEFEFEFEFEFEFE,0000000000000000,A1A7419DDAB95ACEF4F214C88FEC0F9B820856F18D00C4CA,000000000000000000000000000000000000000020000000,192,192,0101010101010101,0707070707070707,FEFEFEFEFEFEFEFE
01010101010101010707070707070707FEFEFEFEFEFEFEFE,0000000000000000,A1A7419DDAB95ACEF4F214C88FEC0F9B7D1DEE9572E5DB75,000000000000000000000000000000000000000040000000,192,192,0101010101010101,0707070707070707,FEFEFEFEFEFEFEFE
01010101010101010707070707070707FEFEFEFEFEFEFEFE,0000000000000000,A1A7419DDAB95ACEF4F214C88FEC0F9B21C996FBB16394C2,000000000000000000000000000000000000000080000000,192,192,0101010101010101,0707070707070707,FEFEFEFEFEFEFEFE
01010101010101010707070707070707FEFEFEFEFEFEFEFE,0000000000000000,A1A7419DDAB95ACEF4F214C88FEC0F9B339ECBC849E256AE,000000000000000000000000000000000000000100000000,192,192,0101010101010101,0707070707070707,FEFEFEFEFEFEFEFE
01010101010101010707070707070707FEFEFEFEFEFEFEFE,0000000000000000,A1A7419DDAB95ACEF4F214C88FEC0F9B23015E22317BEC22,000000000000000000000000000000000000000200000000,192,192,0101010101010101,0707070707070707,FEFEFEFEFEFEFEFE
01010101010101010707070707070707FEFEFEFEFEFEFEFE,0000000000000000,A1A7419DDAB95ACEF4F214C88FEC0F9BF2FE00292C220AF8,000000000000000000000000000000000000000400000000,192,192,0101010101010101,0707070707070707,FEFEFEFEFEFEFEFE
01010101010101010707070707070707FEFEFEFEFEFEFEFE,0000000000000000,A1A7419DDAB95ACEF4F214C88FEC0F9B76EFFDA6EF117752,000000000000000000000000000000000000000800000000,192,192,0101010101010101,0707070707070707,FEFEFEFEFEFEFEFE
01010101010101010707070707070707FEFEFEFEFEFEFEFE,0000000000000000,A1A7419DDAB95ACEF4F214C88FEC0F9BF4F2BAA666C30AE2,000000000000000000000000000000000000001000000000,192,192,0101010101010101,0707070707070707,FEFEFEFEFEFEFEFE
01010101010101010707070707070707FEFEFEFEFEFEFEFE,0000000000000000,A1A7419DDAB95ACEF4F214C88FEC0F9B72D9CAF44B41ECA0,000000000000000000000000000000000000002000000000,192,192,0101010101010101,0707070707070707,FEFEFEFEFEFEFEFE
01010101010101010707070707070707FEFEFEFEFEFEFEFE,0000000000000000,A1A7419DDAB95ACEF4F214C88FEC0F9B99A0B18047B01348,000000000000000000000000000000000000004000000000,192,192,0101010101010101,0707070707070707,FEFEFEFEFEFEFEFE
01010101010101010707070707070707FEFEFEFEFEFEFEFE,0000000000000000,A1A7419DDAB95ACEF4F214C88FEC0F9B8A2CC5FFD29B2E39,000000000000000000000000000000000000008000000000,192,192,0101010101010101,0707070707070707,FEFEFEFEFEFEFEFE
01010101010101010707070707070707FEFEFEFEFEFEFEFE,0000000000000000,A1A7419DDAB95ACEF4F214C88FEC0F9BB4C5AB488E1F645F,000000000000000000000000000000000000010000000000,192,192,0101010101010101,0707070707070707,FEFEFEFEFEFEFEFE
01010101010101010707070707070707FEFEFEFEFEFEFEFE,0000000000000000,A1A7419DDAB95ACEF4F214C88FEC0F9B138914004D750101,000000000000000000000000000000000000020000000000,192,192,0101010101010101,0707070707070707,FEFEFEFEFEFEFEFE
01010101010101010707070707070707FEFEFEFEFEFEFEFE,0000000000000000,A1A7419DDAB95ACEF4F214C88FEC0F9BF44547AC8FEF4C60,000000000000000000000000000000000000040000000000,192,192,0101010101010101,0707070707070707,FEFEFEFEFEFEFEFE
01010101010101010707070707070707FEFEFEFEFEFEFEFE,0000000000000000,A1A7419DDAB95ACEF4F214C88FEC0F9BCC34C7B3F50C6E11,000000000000000000000000000000000000080000000000,192,192,0101010101010101,0707070707070707,FEFEFEFEFEFEFEFE
01010101010101010707070707070707FEFEFEFEFEFEFEFE,0000000000000000,A1A7419DDAB95ACEF4F214C88FEC0F9B1F8543F6255065B2,000000000000000000000000000000000000100000000000,192,192,0101010101010101,0707070707070707,FEFEFEFEFEFEFEFE
01010101010101010707070707070707FEFEFEFEFEFEFEFE,0000000000000000,A1A7419DDAB95ACEF4F214C88FEC0F9B77186E10EF6240FF,000000000000000000000000000000000000200000000000,192,192,0101010101010101,0707070707070707,FEFEFEFEFEFEFEFE
01010101010101010707070707070707FEFEFEFEFEFEFEFE,0000000000000000,A1A7419DDAB95ACEF4F214C88FEC0F9B93EB9FCF8804467E,000000000000000000000000000000000000400000000000,192,192,0101010101010101,0707070707070707,FEFEFEFEFEFEFEFE
01010101010101010707070707070707FEFEFEFEFEFEFEFE,0000000000000000,A1A7419DDAB95ACEF4F214C88FEC0F9B1EED39D055C6D543,000000000000000000000000000000000000800000000000,192,192,0101010101010101,0707070707070707,FEFEFEFEFEFEFEFE
01010101010101010707070707070707FEFEFEFEFEFEFEFE,0000000000000000,A1A7419DDAB95ACEF4F214C88FEC0F9B5041CCDBD9384EAF,000000000000000000000000000000000001000000000000,192,192,0101010101010101,0707070707070707,FEFEFEFEFEFEFEFE
01010101010101010707070707070707FEFEFEFEFEFEFEFE,0000000000000000,A1A7419DDAB95ACEF4F214C88FEC0F9BA5A5FED69ABD39BA,000000000000000000000000000000000002000000000000,192,192,0101010101010101,0707070707070707,FEFEFEFEFEFEFEFE
01010101010101010707070707070707FEFEFEFEFEFEFEFE,0000000000000000,A1A7419DDAB95ACEF4F214C88FEC0F9B263A28E6F54C8E93,000000000000000000000000000000000004000000000000,192,192,0101010101010101,0707070707070707,FEFEFEFEFEFEFEFE
01010101010101010707070707070707FEFEFEFEFEFEFEFE,0000000000000000,A1A7419DDAB95ACEF4F214C88FEC0F9B0F5A3BDB6DBE7F9F,000000000000000000000000000000000008000000000000,192,192,0101010101010101,0707070707070707,FEFEFEFEFEFEFEFE
01010101010101010707070707070707FEFEFEFEFEFEFEFE,0000000000000000,A1A7419DDAB95ACEF4F214C88FEC0F9BE3C5F417223B7718,000000000000000000000000000000000010000000000000,192,192,0101010101010101,0707070707070707,FEFEFEFEFEFEFEFE
01010101010101010707070707070707FEFEFEFEFEFEFEFE,0000000000000000,A1A7419DDAB95ACEF4F214C88FEC0F9BC81E949F23012910,000000000000000000000000000000000020000000000000,192,192,0101010101010101,0707070707070707,FEFEFEFEFEFEFEFE
01010101010101010707070707070707FEFEFEFEFEFEFEFE,0000000000000000,A1A7419DDAB95ACEF4F214C88FEC0F9BF6EE35C4A9E5C662,000000000000000000000000000000000040000000000000,192,192,0101010101010101,0707070707070707,FEFEFEFEFEFEFEFE
01010101010101010707070707070707FEFEFEFEFEFEFEFE,0000000000000000,A1A7419DDAB95ACEF4F214C88FEC0F9B29BEE27697946116,000000000000000000000000000000000080000000000000,192,192,0101010101010101,0707070707070707,FEFEFEFEFEFEFEFE
01010101010101010707070707070707FEFEFEFEFEFEFEFE,0000000000000000,A1A7419DDAB95ACEF4F214C88FEC0F9B999FA544A34AE673,000000000000000000000000000000000100000000000000,192,192,0101010101010101,0707070707070707,FEFEFEFEFEFEFEFE
01010101010101010707070707070707FEFEFEFEFEFEFEFE,0000000000000000,A1A7419DDAB95ACEF4F214C88FEC0F9BA0356A1515AEB6A0,000000000000000000000000000000000200000000000000,192,192,0101010101010101,0707070707070707,FEFEFEFEFEFEFEFE
01010101010101010707070707070707FEFEFEFEFEFEFEFE,0000000000000000,A1A7419DDAB95ACEF4F214C88FEC0F9BEBD3002354841A1E,000000000000000000000000000000000400000000000000,192,192,0101010101010101,0707070707070707,FEFEFEFEFEFEFEFE
01010101010101010707070707070707FEFEFEFEFEFEFEFE,0000000000000000,A1A7419DDAB95ACEF4F214C88FEC0F9B921511216AC63997,000000000000000000000000000000000800000000000000,192,192,0101010101010101,0707070707070707,FEFEFEFEFEFEFEFE
01010101010101010707070707070707FEFEFEFEFEFEFEFE,0000000000000000,A1A7419DDAB95ACEF4F214C88FEC0F9BE9652B2378CA4DF8,000000000000000000000000000000001000000000000000,192,192,0101010101010101,0707070707070707,FEFEFEFEFEFEFEFE
01010101010101010707070707070707FEFEFEFEFEFEFEFE,0000000000000000,A1A7419DDAB95ACEF4F214C88FEC0F9B231DC4AC242FDC7D,000000000000000000000000000000002000000000000000,192,192,0101010101010101,0707070707070707,FEFEFEFEFEFEFEFE
01010101010101010707070707070707FEFEFEFEFEFEFEFE,0000000000000000,A1A7419DDAB95ACEF4F214C88FEC0F9B77CE8BB1831A4CD3,000000000000000000000000000000004000000000000000,192,192,0101010101010101,0707070707070707,FEFEFEFEFEFEFEFE
01010101010101010707070707070707FEFEFEFEFEFEFEFE,0000000000000000,A1A7419DDAB95ACEF4F214C88FEC0F9B0F39D0C3615BAE17,000000000000000000000000000000008000000000000000,192,192,0101010101010101,0707070707070707,FEFEFEFEFEFEFEFE
01010101010101010707070707070707FEFEFEFEFEFEFEFE,0000000000000000,A1A7419DDAB95ACE1EFE6EB4057B6E630B0DEB377013F064,000000000000000000000000000000010000000000000000,192,192,0101010101010101,0707070707070707,FEFEFEFEFEFEFEFE
01010101010101010707070707070707FEFEFEFEFEFEFEFE,0000000000000000,A1A7419DDAB95ACE13D4C189ACDE740D0B0DEB377013F064,000000000000000000000000000000020000000000000000,192,192,0101010101010101,0707070707070707,FEFEFEFEFEFEFEFE
01010101010101010707070707070707FEFEFEFEFEFEFEFE,0000000000000000,A1A7419DDAB95ACE6BFFFC4F1EB166510B0DEB377013F064,000000000000000000000000000000040000000000000000,192,192,0101010101010101,0707070707070707,FEFEFEFEFEFEFEFE
01010101010101010707070707070707FEFEFEFEFEFEFEFE,0000000000000000,A1A7419DDAB95ACEE94A9A30A64259260B0DEB377013F064,000000000000000000000000000000080000000000000000,192,192,0101010101010101,0707070707070707,FEFEFEFEFEFEFEFE
01010101010101010707070707070707FEFEFEFEFEFEFEFE,0000000000000000,A1A7419DDAB95ACEC93EAAFE4EBEDE070B0DEB377013F064,000000000000000000000000000000100000000000000000,192,192,0101010101010101,0707070707070707,FEFEFEFEFEFEFEFE
01010101010101010707070707070707FEFEFEFEFEFEFEFE,0000000000000000,A1A7419DDAB95ACE1DAF2324406672510B0DEB377013F064,000000000000000000000000000000200000000000000000,192,192,0101010101010101,0707070707070707,FEFEFEFEFEFEFEFE
01010101010101010707070707070707FEFEFEFEFEFEFEFE,0000000000000000,A1A7419DDAB95ACE51E734AF0673B7890B0DEB377013F064,000000000000000000000000000000400000000000000000,192,192,0101010101010101,0707070707070707,FEFEFEFEFEFEFEFE
01010101010101010707070707070707FEFEFEFEFEFEFEFE,0000000000000000,A1A7419DDAB95ACE32A6AEC761AC4E110B0DEB377013F064,000000000000000000000000000000800000000000000000,192,192,0101010101010101,0707070707070707,FEFEFEFEFEFEFEFE
01010101010101010707070707070707FEFEFEFEFEFEFEFE,0000000000000000,A1A7419DDAB95ACE898482283355F7AB0B0DEB377013F064,000000000000000000000000000001000000000000000000,192,192,0101010101010101,0707070707070707,FEFEFEFEFEFEFEFE
01010101010101010707070707070707FEFEFEFEFEFEFEFE,0000000000000000,A1A7419DDAB95ACE093E2FA6732557390B0DEB377013F064,000000000000000000000000000002000000000000000000,192,192,0101010101010101,0707070707070707,FEFEFEFEFEFEFEFE
01010101010101010707070707070707FEFEFEFEFEFEFEFE,0000000000000000,A1A7419DDAB95ACE4D0EB2D131045C990B0DEB377013F064,000000000000000000000000000004000000000000000000,192,192,0101010101010101,0707070707070707,FEFEFEFEFEFEFEFE
01010101010101010707070707070707FEFEFEFEFEFEFEFE,0000000000000000,A1A7419DDAB95ACE88C7D4AA2B10E4B10B0DEB377013F064,000000000000000000000000000008000000000000000000,192,192,0101010101010101,0707070707070707,FEFEFEFEFEFEFEFE
01010101010101010707070707070707FEFEFEFEFEFEFEFE,0000000000000000,A1A7419DDAB95ACE5C61D852247D5F650B0DEB377013F064,000000000000000000000000000010000000000000000000,192,192,0101010101010101,0707070707070707,FEFEFEFEFEFEFEFE
01010101010101010707070707070707FEFEFEFEFEFEFEFE,0000000000000000,A1A7419DDAB95ACEF7DD9B9E9C2E59A50B0DEB377013F064,000000000000000000000000000020000000000000000000,192,192,0101010101010101,0707070707070707,FEFEFEFEFEFEFEFE
01010101010101010707070707070707FEFEFEFEFEFEFEFE,0000000000000000,A1A7419DDAB95ACE1B5BFE30E27A0D520B0DEB377013F064,000000000000000000000000000040000000000000000000,192,192,0101010101010101,0707070707070707,FEFEFEFEFEFEFEFE
01010101010101010707070707070707FEFEFEFEFEFEFEFE,0000000000000000,A1A7419DDAB95ACE94B88E5C3E32608E0B0DEB377013F064,000000000000000000000000000080000000000000000000,192,192,0101010101010101,0707070707070707,FEFEFEFEFEFEFEFE
01010101010101010707070707070707FEFEFEFEFEFEFEFE,0000000000000000,A1A7419DDAB95ACE0F199BB09457E0810B0DEB377013F064,000000000000000000000000000100000000000000000000,192,192,0101010101010101,0707070707070707,FEFEFEFEFEFEFEFE
01010101010101010707070707070707FEFEFEFEFEFEFEFE,0000000000000000,A1A7419DDAB95ACE6A9BB7DB202239730B0DEB377013F064,000000000000000000000000000200000000000000000000,192,192,0101010101010101,0707070707070707,FEFEFEFEFEFEFEFE
01010101010101010707070707070707FEFEFEFEFEFEFEFE,0000000000000000,A1A7419DDAB95ACE6F340DA19846CBD70B0DEB377013F064,000000000000000000000000000400000000000000000000,192,192,0101010101010101,0707070707070707,FEFEFEFEFEFEFEFE
01010101010101010707070707070707FEFEFEFEFEFEFEFE,0000000000000000,A1A7419DDAB95ACE13C75CDD8849F1AC0B0DEB377013F064,000000000000000000000000000800000000000000000000,192,192,0101010101010101,0707070707070707,FEFEFEFEFEFEFEFE
01010101010101010707070707070707FEFEFEFEFEFEFEFE,0000000000000000,A1A7419DDAB95ACECFC18E0D879F4B140B0DEB377013F064,000000000000000000000000001000000000000000000000,192,192,0101010101010101,0707070707070707,FEFEFEFEFEFEFEFE
01010101010101010707070707070707FEFEFEFEFEFEFEFE,0000000000000000,A1A7419DDAB95ACEC9A8E945F401172E0B0DEB377013F064,000000000000000000000000002000000000000000000000,192,192,0101010101010101,0707070707070707,FEFEFEFEFEFEFEFE
01010101010101010707070707070707FEFEFEFEFEFEFEFE,0000000000000000,A1A7419DDAB95ACEB48D101B46F7368C0B0DEB377013F064,000000000000000000000000004000000000000000000000,192,192,0101010101010101,0707070707070707,FEFEFEFEFEFEFEFE
01010101010101010707070707070707FEFEFEFEFEFEFEFE,0000000000000000,A1A7419DDAB95ACED39FEA4FC50AE7C70B0DEB377013F064,000000000000000000000000008000000000000000000000,192,192,0101010101010101,0707070707070707,FEFEFEFEFEFEFEFE
01010101010101010707070707070707FEFEFEFEFEFEFEFE,0000000000000000,A1A7419DDAB95ACE130B2A6FA2F393640B0DEB377013F064,000000000000000000000000010000000000000000000000,192,192,0101010101010101,0707070707070707,FEFEFEFEFEFEFEFE
01010101010101010707070707070707FEFEFEFEFEFEFEFE,0000000000000000,A1A7419DDAB95ACE4183157102FBE4ED0B0DEB377013F064,000000000000000000000000020000000000000000000000,192,192,0101010101010101,0707070707070707,FEFEFEFEFEFEFEFE
01010101010101010707070707070707FEFEFEFEFEFEFEFE,0000000000000000,A1A7419DDAB95ACE309EA6E965FDE64B0B0DEB377013F064,000000000000000000000000040000000000000000000000,192,192,0101010101010101,0707070707070707,FEFEFEFEFEFEFEFE
01010101010101010707070707070707FEFEFEFEFEFEFEFE,0000000000000000,A1A7419DDAB95ACE2D4F682FDB741B700B0DEB377013F064,000000000000000000000000080000000000000000000000,192,192,0101010101010101,0707070707070707,FEFEFEFEFEFEFEFE
01010101010101010707070707070707FEFEFEFEFEFEFEFE,0000000000000000,A1A7419DDAB95ACE2FACE27402B1500E0B0DEB377013F064,000000000000000000000000100000000000000000000000,192,192,0101010101010101,0707070707070707,FEFEFEFEFEFEFEFE
01010101010101010707070707070707FEFEFEFEFEFEFEFE,0000000000000000,A1A7419DDAB95ACE7DF7A90E72FF3B350B0DEB377013F064,000000000000000000000000200000000000000000000000,192,192,0101010101010101,0707070707070707,FEFEFEFEFEFEFEFE
01010101010101010707070707070707FEFEFEFEFEFEFEFE,0000000000000000,A1A7419DDAB95ACE82E2116A8D1A248A0B0DEB377013F064,000000000000000000000000400000000000000000000000,192,192,0101010101010101,0707070707070707,FEFEFEFEFEFEFEFE
01010101010101010707070707070707FEFEFEFEFEFEFEFE,0000000000000000,A1A7419DDAB95ACEDE3669044E9C6B3D0B0DEB377013F064,000000000000000000000000800000000000000000000000,192,192,0101010101010101,0707070707070707,FEFEFEFEFEFEFEFE
01010101010101010707070707070707FEFEFEFEFEFEFEFE,0000000000000000,A1A7419DDAB95ACECC613437B61DA9510B0DEB377013F064,000000000000000000000001000000000000000000000000,192,192,0101010101010101,0707070707070707,FEFEFEFEFEFEFEFE
01010101010101010707070707070707FEFEFEFEFEFEFEFE,0000000000000000,A1A7419DDAB95ACEDCFEA1DDCE8413DD0B0DEB377013F064,000000000000000000000002000000000000000000000000,192,192,0101010101010101,0707070707070707,FEFEFEFEFEFEFEFE
01010101010101010707070707070707FEFEFEFEFEFEFEFE,0000000000000000,A1A7419DDAB95ACE0D01FFD6D3DDF5070B0DEB377013F064,000000000000000000000004000000000000000000000000,192,192,0101010101010101,0707070707070707,FEFEFEFEFEFEFEFE
01010101010101010707070707070707FEFEFEFEFEFEFEFE,0000000000000000,A1A7419DDAB95ACE8910025910EE88AD0B0DEB377013F064,000000000000000000000008000000000000000000000000,192,192,0101010101010101,0707070707070707,FEFEFEFEFEFEFEFE
01010101010101010707070707070707FEFEFEFEFEFEFEFE,0000000000000000,A1A7419DDAB95ACE0B0D4559993CF51D0B0DEB377013F064,000000000000000000000010000000000000000000000000,192,192,0101010101010101,0707070707070707,FEFEFEFEFEFEFEFE
01010101010101010707070707070707FEFEFEFEFEFEFEFE,0000000000000000,A1A7419DDAB95ACE8D26350BB4BE135F0B0DEB377013F064,000000000000000000000020000000000000000000000000,192,192,0101010101010101,0707070707070707,FEFEFEFEFEFEFEFE
01010101010101010707070707070707FEFEFEFEFEFEFEFE,0000000000000000,A1A7419DDAB95ACE665F4E7FB84FECB70B0DEB377013F064,000000000000000000000040000000000000000000000000,192,192,0101010101010101,0707070707070707,FEFEFEFEFEFEFEFE
01010101010101010707070707070707FEFEFEFEFEFEFEFE,0000000000000000,A1A7419DDAB95ACE75D33A002D64D1C60B0DEB377013F064,000000000000000000000080000000000000000000000000,192,192,0101010101010101,0707070707070707,FEFEFEFEFEFEFEFE
01010101010101010707070707070707FEFEFEFEFEFEFEFE,0000000000000000,A1A7419DDAB95ACE4B3A54B771E09BA00B0DEB377013F064,000000000000000000000100000000000000000000000000,192,192,0101010101010101,0707070707070707,FEFEFEFEFEFEFEFE
01010101010101010707070707070707FEFEFEFEFEFEFEFE,0000000000000000,A1A7419DDAB95ACEEC76EBFFB28AFEFE0B0DEB377013F064,000000000000000000000200000000000000000000000000,192,192,0101010101010101,0707070707070707,FEFEFEFEFEFEFEFE
01010101010101010707070707070707FEFEFEFEFEFEFEFE,0000000000000000,A1A7419DDAB95ACE0BBAB8537010B39F0B0DEB377013F064,000000000000000000000400000000000000000000000000,192,192,0101010101010101,0707070707070707,FEFEFEFEFEFEFEFE
01010101010101010707070707070707FEFEFEFEFEFEFEFE,0000000000000000,A1A7419DDAB95ACE33CB384C0AF391EE0B0DEB377013F064,000000000000000000000800000000000000000000000000,192,192,0101010101010101,0707070707070707,FEFEFEFEFEFEFEFE
01010101010101010707070707070707FEFEFEFEFEFEFEFE,0000000000000000,A1A7419DDAB95ACEE07ABC09DAAF9A4D0B0DEB377013F064,000000000000000000001000000000000000000000000000,192,192,0101010101010101,0707070707070707,FEFEFEFEFEFEFEFE
01010101010101010707070707070707FEFEFEFEFEFEFEFE,0000000000000000,A1A7419DDAB95ACE88E791EF109DBF000B0DEB377013F064,000000000000000000002000000000000000000000000000,192,192,0101010101010101,0707070707070707,FEFEFEFEFEFEFEFE
01010101010101010707070707070707FEFEFEFEFEFEFEFE,0000000000000000,A1A7419DDAB95ACE6C14603077FBB9810B0DEB377013F064,000000000000000000004000000000000000000000000000,192,192,0101010101010101,0707070707070707,FEFEFEFEFEFEFEFE
01010101010101010707070707070707FEFEFEFEFEFEFEFE,0000000000000000,A1A7419DDAB95ACEE112C62FAA392ABC0B0DEB377013F064,000000000000000000008000000000000000000000000000,192,192,0101010101010101,0707070707070707,FEFEFEFEFEFEFEFE
01010101010101010707070707070707FEFEFEFEFEFEFEFE,0000000000000000,A1A7419DDAB95ACEAFBE332426C7B1500B0DEB377013F064,000000000000000000010000000000000000000000000000,192,192,0101010101010101,0707070707070707,FEFEFEFEFEFEFEFE
01010101010101010707070707070707FEFEFEFEFEFEFEFE,0000000000000000,A1A7419DDAB95ACE5A5A01296542C6450B0DEB377013F064,000000000000000000020000000000000000000000000000,192,192,0101010101010101,0707070707070707,FEFEFEFEFEFEFEFE
01010101010101010707070707070707FEFEFEFEFEFEFEFE,0000000000000000,A1A7419DDAB95ACED9C5D7190AB3716C0B0DEB377013F064,000000000000000000040000000000000000000000000000,192,192,0101010101010101,0707070707070707,FEFEFEFEFEFEFEFE
01010101010101010707070707070707FEFEFEFEFEFEFEFE,0000000000000000,A1A7419DDAB95ACEF0A5C424924180600B0DEB377013F064,000000000000000000080000000000000000000000000000,192,192,0101010101010101,0707070707070707,FEFEFEFEFEFEFEFE
01010101010101010707070707070707FEFEFEFEFEFEFEFE,0000000000000000,A1A7419DDAB95ACE1C3A0BE8DDC488E70B0DEB377013F064,000000000000000000100000000000000000000000000000,192,192,0101010101010101,0707070707070707,FEFEFEFEFEFEFEFE
01010101010101010707070707070707FEFEFEFEFEFEFEFE,0000000000000000,A1A7419DDAB95ACE37E16B60DCFED6EF0B0DEB377013F064,000000000000000000200000000000000000000000000000,192,192,0101010101010101,0707070707070707,FEFEFEFEFEFEFEFE
01010101010101010707070707070707FEFEFEFEFEFEFEFE,0000000000000000,A1A7419DDAB95ACE0911CA3B561A399D0B0DEB377013F064,000000000000000000400000000000000000000000000000,192,192,0101010101010101,0707070707070707,FEFEFEFEFEFEFEFE
01010101010101010707070707070707FEFEFEFEFEFEFEFE,0000000000000000,A1A7419DDAB95ACED6411D89686B9EE90B0DEB377013F064,000000000000000000800000000000000000000000000000,192,192,0101010101010101,0707070707070707,FEFEFEFEFEFEFEFE
01010101010101010707070707070707FEFEFEFEFEFEFEFE,0000000000000000,A1A7419DDAB95ACE66605ABB5CB5198C0B0DEB377013F064,000000000000000001000000000000000000000000000000,192,192,0101010101010101,0707070707070707,FEFEFEFEFEFEFEFE
01010101010101010707070707070707FEFEFEFEFEFEFEFE,0000000000000000,A1A7419DDAB95ACE5FCA95EAEA51495F0B0DEB377013F064,000000000000000002000000000000000000000000000000,192,192,0101010101010101,0707070707070707,FEFEFEFEFEFEFEFE
01010101010101010707070707070707FEFEFEFEFEFEFEFE,0000000000000000,A1A7419DDAB95ACE142CFFDCAB7BE5E10B0DEB377013F064,000000000000000004000000000000000000000000000000,192,192,0101010101010101,0707070707070707,FEFEFEFEFEFEFEFE
01010101010101010707070707070707FEFEFEFEFEFEFEFE,0000000000000000,A1A7419DDAB95ACE6DEAEEDE9539C6680B0DEB377013F064,000000000000000008000000000000000000000000000000,192,192,0101010101010101,0707070707070707,FEFEFEFEFEFEFEFE
01010101010101010707070707070707FEFEFEFEFEFEFEFE,0000000000000000,A1A7419DDAB95ACE169AD4DC8735B2070B0DEB377013F064,000000000000000010000000000000000000000000000000,192,192,0101010101010101,0707070707070707,FEFEFEFEFEFEFEFE
01010101010101010707070707070707FEFEFEFEFEFEFEFE,0000000000000000,A1A7419DDAB95ACEDCE23B53DBD023820B0DEB377013F064,000000000000000020000000000000000000000000000000,192,192,0101010101010101,0707070707070707,FEFEFEFEFEFEFEFE
01010101010101010707070707070707FEFEFEFEFEFEFEFE,0000000000000000,A1A7419DDAB95ACE8831744E7CE5B32C0B0DEB377013F064,000000000000000040000000000000000000000000000000,192,192,0101010101010101,0707070707070707,FEFEFEFEFEFEFEFE
01010101010101010707070707070707FEFEFEFEFEFEFEFE,0000000000000000,A1A7419DDAB95ACEF0C62F3C9EA451E80B0DEB377013F064,000000000000000080000000000000000000000000000000,192,192,0101010101010101,0707070707070707,FEFEFEFEFEFEFEFE
01010101010101010707070707070707FEFEFEFEFEFEFEFE,0000000000000000,4BAB3BE1502E3B36F4F214C88FEC0F9B0B0DEB377013F064,000000000000000100000000000000000000000000000000,192,192,0101010101010101,0707070707070707,FEFEFEFEFEFEFEFE
01010101010101010707070707070707FEFEFEFEFEFEFEFE,0000000000000000,468194DCF98B2158F4F214C88FEC0F9B0B0DEB377013F064,000000000000000200000000000000000000000000000000,192,192,0101010101010101,0707070707070707,FEFEFEFEFEFEFEFE
01010101010101010707070707070707FEFEFEFEFEFEFEFE,0000000000000000,3EAAA91A4BE43304F4F214C88FEC0F9B0B0DEB377013F064,000000000000000400000000000000000000000000000000,192,192,0101010101010101,0707070707070707,FEFEFEFEFEFEFEFE
01010101010101010707070707070707FEFEFEFEFEFEFEFE,0000000000000000,BC1FCF65F3170C73F4F214C88FEC0F9B0B0DEB377013F064,000000000000000800000000000000000000000000000000,192,192,0101010101010101,0707070707070707,FEFEFEFEFEFEFEFE
01010101010101010707070707070707FEFEFEFEFEFEFEFE,0000000000000000,9C6BFFAB1BEB8B52F4F214C88FEC0F9B0B0DEB377013F064,000000000000001000000000000000000000000000000000,192,192,0101010101010101,0707070707070707,FEFEFEFEFEFEFEFE
01010101010101010707070707070707FEFEFEFEFEFEFEFE,0000000000000000,48FA767115332704F4F214C88FEC0F9B0B0DEB377013F064,000000000000002000000000000000000000000000000000,192,192,0101010101010101,0707070707070707,FEFEFEFEFEFEFEFE
01010101010101010707070707070707FEFEFEFEFEFEFEFE,0000000000000000,04B261FA5326E2DCF4F214C88FEC0F9B0B0DEB377013F064,000000000000004000000000000000000000000000000000,192,192,0101010101010101,0707070707070707,FEFEFEFEFEFEFEFE
01010101010101010707070707070707FEFEFEFEFEFEFEFE,0000000000000000,67F3FB9234F91B44F4F214C88FEC0F9B0B0DEB377013F064,000000000000008000000000000000000000000000000000,192,192,0101010101010101,0707070707070707,FEFEFEFEFEFEFEFE
01010101010101010707070707070707FEFEFEFEFEFEFEFE,0000000000000000,DCD1D77D6600A2FEF4F214C88FEC0F9B0B0DEB377013F064,000000000000010000000000000000000000000000000000,192,192,0101010101010101,0707070707070707,FEFEFEFEFEFEFEFE
01010101010101010707070707070707FEFEFEFEFEFEFEFE,0000000000000000,5C6B7AF32670026CF4F214C88FEC0F9B0B0DEB377013F064,000000000000020000000000000000000000000000000000,192,192,0101010101010101,0707070707070707,FEFEFEFEFEFEFEFE
01010101010101010707070707070707FEFEFEFEFEFEFEFE,0000000000000000,185BE784645109CCF4F214C88FEC0F9B0B0DEB377013F064,000000000000040000000000000000000000000000000000,192,192,0101010101010101,0707070707070707,FEFEFEFEFEFEFEFE
01010101010101010707070707070707FEFEFEFEFEFEFEFE,0000000000000000,DD9281FF7E45B1E4F4F214C88FEC0F9B0B0DEB377013F064,000000000000080000000000000000000000000000000000,192,192,0101010101010101,0707070707070707,FEFEFEFEFEFEFEFE
01010101010101010707070707070707FEFEFEFEFEFEFEFE,0000000000000000,09348D0771280A30F4F214C88FEC0F9B0B0DEB377013F064,000000000000100000000000000000000000000000000000,192,192,0101010101010101,0707070707070707,FEFEFEFEFEFEFEFE
01010101010101010707070707070707FEFEFEFEFEFEFEFE,0000000000000000,A288CECBC97B0CF0F4F214C88FEC0F9B0B0DEB377013F064,000000000000200000000000000000000000000000000000,192,192,0101010101010101,0707070707070707,FEFEFEFEFEFEFEFE
01010101010101010707070707070707FEFEFEFEFEFEFEFE,0000000000000000,4E0EAB65B72F5807F4F214C88FEC0F9B0B0DEB377013F064,000000000000400000000000000000000000000000000000,192,192,0101010101010101,0707070707070707,FEFEFEFEFEFEFEFE
01010101010101010707070707070707FEFEFEFEFEFEFEFE,0000000000000000,C1EDDB096B6735DBF4F214C88FEC0F9B0B0DEB377013F064,000000000000800000000000000000000000000000000000,192,192,0101010101010101,0707070707070707,FEFEFEFEFEFEFEFE
01010101010101010707070707070707FEFEFEFEFEFEFEFE,0000000000000000,5A4CCEE5C102B5D4F4F214C88FEC0F9B0B0DEB377013F064,000000000001000000000000000000000000000000000000,192,192,0101010101010101,0707070707070707,FEFEFEFEFEFEFEFE
01010101010101010707070707070707FEFEFEFEFEFEFEFE,0000000000000000,3FCEE28E75776C26F4F214C88FEC0F9B0B0DEB377013F064,000000000002000000000000000000000000000000000000,192,192,0101010101010101,0707070707070707,FEFEFEFEFEFEFEFE
01010101010101010707070707070707FEFEFEFEFEFEFEFE,0000000000000000,3A6158F4CD139E82F4F214C88FEC0F9B0B0DEB377013F064,000000000004000000000000000000000000000000000000,192,192,0101010101010101,0707070707070707,FEFEFEFEFEFEFEFE
01010101010101010707070707070707FEFEFEFEFEFEFEFE,0000000000000000,46920988DD1CA4F9F4F214C88FEC0F9B0B0DEB377013F064,000000000008000000000000000000000000000000000000,192,192,0101010101010101,0707070707070707,FEFEFEFEFEFEFEFE
01010101010101010707070707070707FEFEFEFEFEFEFEFE,0000000000000000,9A94DB58D2CA1E41F4F214C88FEC0F9B0B0DEB377013F064,000000000010000000000000000000000000000000000000,192,192,0101010101010101,0707070707070707,FEFEFEFEFEFEFEFE
01010101010101010707070707070707FEFEFEFEFEFEFEFE,0000000000000000,9CFDBC10A154427BF4F214C88FEC0F9B0B0DEB377013F064,000000000020000000000000000000000000000000000000,192,192,0101010101010101,0707070707070707,FEFEFEFEFEFEFEFE
01010101010101010707070707070707FEFEFEFEFEFEFEFE,0000000000000000,E1D8454E13A263D9F4F214C88FEC0F9B0B0DEB377013F064,000000000040000000000000000000000000000000000000,192,192,0101010101010101,0707070707070707,FEFEFEFEFEFEFEFE
01010101010101010707070707070707FEFEFEFEFEFEFEFE,0000000000000000,86CABF1A905FB292F4F214C88FEC0F9B0B0DEB377013F064,000000000080000000000000000000000000000000000000,192,192,0101010101010101,0707070707070707,FEFEFEFEFEFEFEFE
01010101010101010707070707070707FEFEFEFEFEFEFEFE,0000000000000000,465E7F3AF7A6C631F4F214C88FEC0F9B0B0DEB377013F064,000000000100000000000000000000000000000000000000,192,192,0101010101010101,0707070707070707,FEFEFEFEFEFEFEFE
01010101010101010707070707070707FEFEFEFEFEFEFEFE,0000000000000000,14D6402457AEB1B8F4F214C88FEC0F9B0B0DEB377013F064,000000000200000000000000000000000000000000000000,192,192,0101010101010101,0707070707070707,FEFEFEFEFEFEFEFE
01010101010101010707070707070707FEFEFEFEFEFEFEFE,0000000000000000,65CBF3BC30A8B31EF4F214C88FEC0F9B0B0DEB377013F064,000000000400000000000000000000000000000000000000,192,192,0101010101010101,0707070707070707,FEFEFEFEFEFEFEFE
01010101010101010707070707070707FEFEFEFEFEFEFEFE,0000000000000000,781A3D7A8E214E25F4F214C88FEC0F9B0B0DEB377013F064,000000000800000000000000000000000000000000000000,192,192,0101010101010101,0707070707070707,FEFEFEFEFEFEFEFE
01010101010101010707070707070707FEFEFEFEFEFEFEFE,0000000000000000,7AF9B72157E4055BF4F214C88FEC0F9B0B0DEB377013F064,000000001000000000000000000000000000000000000000,192,192,0101010101010101,0707070707070707,FEFEFEFEFEFEFEFE
01010101010101010707070707070707FEFEFEFEFEFEFEFE,0000000000000000,28A2FC5B27AA6E60F4F214C88FEC0F9B0B0DEB377013F064,000000002000000000000000000000000000000000000000,192,192,0101010101010101,0707070707070707,FEFEFEFEFEFEFEFE
01010101010101010707070707070707FEFEFEFEFEFEFEFE,0000000000000000,D7B7443FD84F71DFF4F214C88FEC0F9B0B0DEB377013F064,000000004000000000000000000000000000000000000000,192,192,0101010101010101,0707070707070707,FEFEFEFEFEFEFEFE
01010101010101010707070707070707FEFEFEFEFEFEFEFE,0000000000000000,8B633C511BC93E68F4F214C88FEC0F9B0B0DEB377013F064,000000008000000000000000000000000000000000000000,192,192,0101010101010101,0707070707070707,FEFEFEFEFEFEFEFE
01010101010101010707070707070707FEFEFEFEFEFEFEFE,0000000000000000,99346162E348FC04F4F214C88FEC0F9B0B0DEB377013F064,000000010000000000000000000000000000000000000000,192,192,0101010101010101,0707070707070707,FEFEFEFEFEFEFEFE
01010101010101010707070707070707FEFEFEFEFEFEFEFE,0000000000000000,89ABF4889BD14688F4F214C88FEC0F9B0B0DEB377013F064,000000020000000000000000000000000000000000000000,192,192,0101010101010101,0707070707070707,FEFEFEFEFEFEFEFE
01010101010101010707070707070707FEFEFEFEFEFEFEFE,0000000000000000,5854AA838688A052F4F214C88FEC0F9B0B0DEB377013F064,000000040000000000000000000000000000000000000000,192,192,0101010101010101,0707070707070707,FEFEFEFEFEFEFEFE
01010101010101010707070707070707FEFEFEFEFEFEFEFE,0000000000000000,DC45570C45BBDDF8F4F214C88FEC0F9B0B0DEB377013F064,000000080000000000000000000000000000000000000000,192,192,0101010101010101,0707070707070707,FEFEFEFEFEFEFEFE
01010101010101010707070707070707FEFEFEFEFEFEFEFE,0000000000000000,5E58100CCC69A048F4F214C88FEC0F9B0B0DEB377013F064,000000100000000000000000000000000000000000000000,192,192,0101010101010101,0707070707070707,FEFEFEFEFEFEFEFE
01010101010101010707070707070707FEFEFEFEFEFEFEFE,0000000000000000,D873605EE1EB460AF4F214C88FEC0F9B0B0DEB377013F064,000000200000000000000000000000000000000000000000,192,192,0101010101010101,0707070707070707,FEFEFEFEFEFEFEFE
01010101010101010707070707070707FEFEFEFEFEFEFEFE,0000000000000000,330A1B2AED1AB9E2F4F214C88FEC0F9B0B0DEB377013F064,000000400000000000000000000000000000000000000000,192,192,0101010101010101,0707070707070707,FEFEFEFEFEFEFEFE
01010101010101010707070707070707FEFEFEFEFEFEFEFE,0000000000000000,20866F5578318493F4F214C88FEC0F9B0B0DEB377013F064,000000800000000000000000000000000000000000000000,192,192,0101010101010101,0707070707070707,FEFEFEFEFEFEFEFE
01010101010101010707070707070707FEFEFEFEFEFEFEFE,0000000000000000,1E6F01E224B5CEF5F4F214C88FEC0F9B0B0DEB377013F064,000001000000000000000000000000000000000000000000,192,192,0101010101010101,0707070707070707,FEFEFEFEFEFEFEFE
01010101010101010707070707070707FEFEFEFEFEFEFEFE,0000000000000000,B923BEAAE7DFABABF4F214C88FEC0F9B0B0DEB377013F064,000002000000000000000000000000000000000000000000,192,192,0101010101010101,0707070707070707,FEFEFEFEFEFEFEFE
01010101010101010707070707070707FEFEFEFEFEFEFEFE,0000000000000000,5EEFED062545E6CAF4F214C88FEC0F9B0B0DEB377013F064,000004000000000000000000000000000000000000000000,192,192,0101010101010101,0707070707070707,FEFEFEFEFEFEFEFE
01010101010101010707070707070707FEFEFEFEFEFEFEFE,0000000000000000,669E6D195FA6C4BBF4F214C88FEC0F9B0B0DEB377013F064,000008000000000000000000000000000000000000000000,192,192,0101010101010101,0707070707070707,FEFEFEFEFEFEFEFE
01010101010101010707070707070707FEFEFEFEFEFEFEFE,0000000000000000,B52FE95C8FFACF18F4F214C88FEC0F9B0B0DEB377013F064,000010000000000000000000000000000000000000000000,192,192,0101010101010101,0707070707070707,FEFEFEFEFEFEFEFE
01010101010101010707070707070707FEFEFEFEFEFEFEFE,0000000000000000,DDB2C4BA45C8EA55F4F214C88FEC0F9B0B0DEB377013F064,000020000000000000000000000000000000000000000000,192,192,0101010101010101,0707070707070707,FEFEFEFEFEFEFEFE
01010101010101010707070707070707FEFEFEFEFEFEFEFE,0000000000000000,3941356522AEECD4F4F214C88FEC0F9B0B0DEB377013F064,000040000000000000000000000000000000000000000000,192,192,0101010101010101,0707070707070707,FEFEFEFEFEFEFEFE
01010101010101010707070707070707FEFEFEFEFEFEFEFE,0000000000000000,B447937AFF6C7FE9F4F214C88FEC0F9B0B0DEB377013F064,000080000000000000000000000000000000000000000000,192,192,0101010101010101,0707070707070707,FEFEFEFEFEFEFEFE
01010101010101010707070707070707FEFEFEFEFEFEFEFE,0000000000000000,FAEB66717392E405F4F214C88FEC0F9B0B0DEB377013F064,000100000000000000000000000000000000000000000000,192,192,0101010101010101,0707070707070707,FEFEFEFEFEFEFEFE
01010101010101010707070707070707FEFEFEFEFEFEFEFE,0000000000000000,0F0F547C30179310F4F214C88FEC0F9B0B0DEB377013F064,000200000000000000000000000000000000000000000000,192,192,0101010101010101,0707070707070707,FEFEFEFEFEFEFEFE
01010101010101010707070707070707FEFEFEFEFEFEFEFE,0000000000000000,8C90824C5FE62439F4F214C88FEC0F9B0B0DEB377013F064,000400000000000000000000000000000000000000000000,192,192,0101010101010101,0707070707070707,FEFEFEFEFEFEFEFE
01010101010101010707070707070707FEFEFEFEFEFEFEFE,0000000000000000,A5F09171C714D535F4F214C88FEC0F9B0B0DEB377013F064,000800000000000000000000000000000000000000000000,192,192,0101010101010101,0707070707070707,FEFEFEFEFEFEFEFE
01010101010101010707070707070707FEFEFEFEFEFEFEFE,0000000000000000,496F5EBD8891DDB2F4F214C88FEC0F9B0B0DEB377013F064,001000000000000000000000000000000000000000000000,192,192,0101010101010101,0707070707070707,FEFEFEFEFEFEFEFE
01010101010101010707070707070707FEFEFEFEFEFEFEFE,0000000000000000,62B43E3589AB83BAF4F214C88FEC0F9B0B0DEB377013F064,002000000000000000000000000000000000000000000000,192,192,0101010101010101,0707070707070707,FEFEFEFEFEFEFEFE
01010101010101010707070707070707FEFEFEFEFEFEFEFE,0000000000000000,5C449F6E034F6CC8F4F214C88FEC0F9B0B0DEB377013F064,004000000000000000000000000000000000000000000000,192,192,0101010101010101,0707070707070707,FEFEFEFEFEFEFEFE
01010101010101010707070707070707FEFEFEFEFEFEFEFE,0000000000000000,831448DC3D3ECBBCF4F214C88FEC0F9B0B0DEB377013F064,008000000000000000000000000000000000000000000000,192,192,0101010101010101,0707070707070707,FEFEFEFEFEFEFEFE
01010101010101010707070707070707FEFEFEFEFEFEFEFE,0000000000000000,33350FEE09E04CD9F4F214C88FEC0F9B0B0DEB377013F064,010000000000000000000000000000000000000000000000,192,192,0101010101010101,0707070707070707,FEFEFEFEFEFEFEFE
01010101010101010707070707070707FEFEFEFEFEFEFEFE,0000000000000000,0A9FC0BFBF041C0AF4F214C88FEC0F9B0B0DEB377013F064,020000000000000000000000000000000000000000000000,192,192,0101010101010101,0707070707070707,FEFEFEFEFEFEFEFE
01010101010101010707070707070707FEFEFEFEFEFEFEFE,0000000000000000,4179AA89FE2EB0B4F4F214C88FEC0F9B0B0DEB377013F064,040000000000000000000000000000000000000000000000,192,192,0101010101010101,0707070707070707,FEFEFEFEFEFEFEFE
01010101010101010707070707070707FEFEFEFEFEFEFEFE,0000000000000000,38BFBB8BC06C933DF4F214C88FEC0F9B0B0DEB377013F064,080000000000000000000000000000000000000000000000,192,192,0101010101010101,0707070707070707,FEFEFEFEFEFEFEFE
01010101010101010707070707070707FEFEFEFEFEFEFEFE,0000000000000000,43CF8189D260E752F4F214C88FEC0F9B0B0DEB377013F064,100000000000000000000000000000000000000000000000,192,192,0101010101010101,0707070707070707,FEFEFEFEFEFEFEFE
01010101010101010707070707070707FEFEFEFEFEFEFEFE,0000000000000000,89B76E068E8576D7F4F214C88FEC0F9B0B0DEB377013F064,200000000000000000000000000000000000000000000000,192,192,0101010101010101,0707070707070707,FEFEFEFEFEFEFEFE
01010101010101010707070707070707FEFEFEFEFEFEFEFE,0000000000000000,DD64211B29B0E679F4F214C88FEC0F9B0B0DEB377013F064,400000000000000000000000000000000000000000000000,192,192,0101010101010101,0707070707070707,FEFEFEFEFEFEFEFE
01010101010101010707070707070707FEFEFEFEFEFEFEFE,0000000000000000,A5937A69CBF104BDF4F214C88FEC0F9B0B0DEB377013F064,800000000000000000000000000000000000000000000000,192,192,0101010101010101,0707070707070707,FEFEFEFEFEFEFEFE
