{
  "algorithm": "AES",
  "mode": "CCM-ECMA",
  "isSample": false,
  "testGroups": [
    {
      "tgId": 1,
      "tests": [
        {
          "tcId": 1,
          "cipherText": "C02C8FB11A366A161791C36BF97A865DBCD217AF6706E79F001116C87F2D89E99E630A06BE40DFAA"
        },
        {
          "tcId": 2,
          "cipherText": "B65E710ECA0F618662CBD98A9C239B78D356F4820F8046B75D775C8A432183E45C36D4834175F793"
        },
        {
          "tcId": 3,
          "cipherText": "8D2E2A7609DD8DD4D4FB57325505A533D37E39901D09881E12EACC44953B9A6BC2480AFC7A3D3AFC"
        },
        {
          "tcId": 4,
          "cipherText": "969C56F12779ACE4AF08FDE13735911F49B068F6B6F3B326EEA1CEC185D484099000635CEFEF973C"
        },
        {
          "tcId": 5,
          "cipherText": "B28C09FC5D9E7C10BA9359BBE51E80B59A881872091FB4420876A9FBED7889FC58676146F8CCEE96"
        },
        {
          "tcId": 6,
          "cipherText": "099372E1204A9D505826C975D0EFD38ABF02F4A8784A025FD8AF01CF8F2B5F6A9566E84990DC7ED7"
        },
        {
          "tcId": 7,
          "cipherText": "DCD37C3C0B84A7149AD47A89B2BA2D1B5EA01209DB25F042C8D174976FC82B41EA12F91926B59ACA"
        },
        {
          "tcId": 8,
          "cipherText": "BD912CEC675656EBF9EA6572226A9C9CC85977DCB970D2B739EBB844AF6562E78524E70A807C9E15"
        },
        {
          "tcId": 9,
          "cipherText": "9B1FF2CB2A6943CE6F4DE73720AB67BCF9FE30027D28E27ADF9F57ACEC00D14642DA44096C2D5645"
        },
        {
          "tcId": 10,
          "cipherText": "ECE22F955558AA4597BDD53543DD96C151009A6FE0D9D7F0CA207B58B71465FF9C7C218F8050E5EA"
        },
        {
          "tcId": 11,
          "cipherText": "A006E8FAF9DB3DFD55B7F45290C0909471402317A0C3914ECECD52950E0940C62008B8B39E1A89BC"
        },
        {
          "tcId": 12,
          "cipherText": "5F4F7359E888230B8FE847E4BD3B70BD4AEA17A316286A6D1017DC254D8CAE3A7227A0F521F7F341"
        },
        {
          "tcId": 13,
          "cipherText": "669A9F04D953D3A8BC491E03D5782DA46654C2DDC1627508E1A6C227D7DE07AF0C94A9424B0D0C52"
        },
        {
          "tcId": 14,
          "cipherText": "A6F056DECD3A2A6C0C4CA481A6C70C078A524A27F0C7A74EC60A7D5264129AAAD04D0EF31E0C000C"
        },
        {
          "tcId": 15,
          "cipherText": "8E70546FD27BE1EFD23BFD8B208F057C85F4C772FB725A852C64AD1B272E0B449595695D9F2C99DD"
        },
        {
          "tcId": 16,
          "cipherText": "4964355FAB6ACBD14556D44987566D8162D7B83FE30551C560DF9593B46EF4C1BE28DE37A5521E96"
        },
        {
          "tcId": 17,
          "cipherText": "CC758861BC8DC79CAAB499445450B32F1F87F1275A7E22A69B54A62EAAC4AC1896F2D02FAD31A93C"
        },
        {
          "tcId": 18,
          "cipherText": "0144C7154F00EA0138D145DFBFE39030F13FB145E15E18112F9EE6042F50AD7EE9D37CD7750D1535"
        },
        {
          "tcId": 19,
          "cipherText": "BB869C47021F723540A416C189D466905A87C1F59C56131C30ABD09D71616758DDE5A2E6E9CB2CD5"
        },
        {
          "tcId": 20,
          "cipherText": "B80AF417A1F96C64D8520F46F0BE81E2F4FA0E525E77B7DCC8DA3F2AE6420F6DD881D1A56FC1FBF3"
        },
        {
          "tcId": 21,
          "cipherText": "0F0C3B0D5D1B50D8D8D58C28419E5EB62EB83E46354A09A264FF3CBCB5160FEE5B9BB15BCBC966BF"
        },
        {
          "tcId": 22,
          "cipherText": "CE3031B99DEE927D738130A6B8EB6D23CCEF22959CDFD3CD96F4633975E369345D683D2C94D9A6E4"
        },
        {
          "tcId": 23,
          "cipherText": "3D16EF42FE1B4368A2E1F725FC61BE0F3EC71C8C1C0FB66FD067A0279566AC391F4146102C330C28"
        },
        {
          "tcId": 24,
          "cipherText": "DA30FCE52CD0175354017CE62E97ED16954AD860718D3993F064DA122AF3751085C7112DDE7A7DEA"
        },
        {
          "tcId": 25,
          "cipherText": "A6811010E41AB002C4B25ED2463C1129D3A80299369449FC83D97E59F17447D29E62B5EAEB799D40"
        }
      ]
    },
    {
      "tgId": 2,
      "tests": [
        {
          "tcId": 26,
          "cipherText": "A60A42D95563010A0E396956DD3E3B1599C656DAA61FC623309152577D0856B09196A53F912BEFE8"
        },
        {
          "tcId": 27,
          "cipherText": "15CCD2A601D4C20526B29428002132EDB1F1A3949EEBD439DA297DB94534ECCA64740938AAF3C9A9"
        },
        {
          "tcId": 28,
          "cipherText": "037D68612669B5F52554998F3D37B10B15230FD3BC378695BBDA30E08D6F03A61324910B1487F065"
        },
        {
          "tcId": 29,
          "cipherText": "738329FCD598547B9C63939935F5D38B67C8EAECA56AE1A5A2338BFF906CFFC2225AD5575C8FD340"
        },
        {
          "tcId": 30,
          "cipherText": "0EB199FAAC3A6C6325D1DF759F784FC0D7737CB56A5F387A3628B12CEE735C5BE5EE4A284A24F8B1"
        },
        {
          "tcId": 31,
          "cipherText": "1F40B1ACFB21F65E7DB54D3E01BBDDC7EB62DD94CF6D8C13B0F2DB40AE4721AF121697E778385724"
        },
        {
          "tcId": 32,
          "cipherText": "A54A18067174A480689E00C5EA01CC2AC7F42A5B40F7672E13F2545E94CD5A10E15F3B8FF4FC73A7"
        },
        {
          "tcId": 33,
          "cipherText": "A251639E9D5EFCD23AEF5D93F0905545170A38B6B88DEE2E3B06A408D529261DB9285214E77ADE5E"
        },
        {
          "tcId": 34,
          "cipherText": "5A868785706DBC8D72FD9CE141F1832896129652F598B85837F70DDC130FC13783FB5B7985D3BD12"
        },
        {
          "tcId": 35,
          "cipherText": "C295327E66734E9383A90558B420AE4E96AE16E7901142787CD0FEF050FA408FC6F588F3431A5E13"
        },
        {
          "tcId": 36,
          "cipherText": "7F1F5C73C7DA2E99EF31E63701D65D4E276BFBFF634BC644FD2A170FB2277929029687746681A669"
        },
        {
          "tcId": 37,
          "cipherText": "B18A8965F1D28A6AFD7F0931E13A28A338F4D5F2FF2F1729036DA2C228067495445955B64051ADF9"
        },
        {
          "tcId": 38,
          "cipherText": "12A885D8660CB19E932D0AE3AF60481F4078F1E37C885B09AD5226324841E8AB1F8E6AD7655DF4F2"
        },
        {
          "tcId": 39,
          "cipherText": "53179279F380E5E64BF6930132EB6CAA96B42825421C0B7D68D34BB61787AB300EE02B1F167750A6"
        },
        {
          "tcId": 40,
          "cipherText": "9B336BB1FF865875F636BFB38A3EA678F575E9EDC1CD2576F82E04A46E7DCC15B6BE199E972C7305"
        },
        {
          "tcId": 41,
          "cipherText": "783BDBDD520EB529541FFBBE64005DD45EA96BE423F705EC7BEB11085EA9242C0D53F95A6032786E"
        },
        {
          "tcId": 42,
          "cipherText": "A785484BAB265AA52E338F4A755EDF08B4645421BBEE8A5B7B6FD8DE0B3101FF81028BDAB7DA404E"
        },
        {
          "tcId": 43,
          "cipherText": "DE5027E790F66DCDC85EA83ECB24642F17C5DC404B2B80E0CF9CF67ADE4C98E32DE5AF0A86A57591"
        },
        {
          "tcId": 44,
          "cipherText": "5D0EF0CC75C17322F4422DA22F60EBA17F156324EFC177F7AAABF0D71DFF12A2E96896355EB6239D"
        }
      ]
    },
    {
      "tgId": 3,
      "tests": [
        {
          "tcId": 45,
          "plainText": "41C6D11A2986ADC8D74165FC118BA184C19387644C551D7DF8602AB4A2F90055"
        },
        {
          "tcId": 46,
          "plainText": "E5838B8E42735C8B15069CAE24AEDA7CB61E4026618443E78108F344295D4DAF"
        },
        {
          "tcId": 47,
          "plainText": "FD700F15A4B0E0DE35DC24C2570C48CA6628710BF61439AAF057399F8838B270"
        },
        {
          "tcId": 48,
          "plainText": "32B9E444BDA3BBB9B337D6F11080F3B275D8EE000C562DBF3ECC7CA999729804"
        },
        {
          "tcId": 49,
          "plainText": "B2023DAB6CA7677CB71FC4D19A80D284378A7A090DBDF74D17D2E330D7E8B8F0"
        },
        {
          "tcId": 50,
          "plainText": "47689C82E076299735406626BDCE067085B8CAF42D5244CAF7E873043BBF631F"
        },
        {
          "tcId": 51,
          "plainText": "3D4C8F897F6A860AD0848028051B0ADB2E7408FDDBA48A23B9FFD9A241396BE2"
        },
        {
          "tcId": 52,
          "plainText": "F71F8A5D7821E3D5413BC9943882B76FCA88EFFA2F9B8EE2FD6DBADB4C1F3BE8"
        },
        {
          "tcId": 53,
          "plainText": "CF7076A7653AA7CD09A836628B68067E08C872114E95D8755B593BE6D00A45CB"
        },
        {
          "tcId": 54,
          "plainText": "42D56E8FF509629091A02E0FD0B4C667FFB4F3003E03009D94B1E0D71FEE956C"
        },
        {
          "tcId": 55,
          "plainText": "0C6048DA9FBD2F16938D47273CCDC9D4E282C22B1CBAE7C56C679BE83C7A5D58"
        },
        {
          "tcId": 56,
          "plainText": "6445A1059DA0CF7372D49594D3F3AD842BCA1592E1C6D3259309ADC2FCB66358"
        },
        {
          "tcId": 57,
          "plainText": "DA9E01CEC42AD5E8315F055EE56FF7BE618E848D6B0DF388438EC2E073338539"
        },
        {
          "tcId": 58,
          "plainText": "2549AACAFCA311B4C92D9481066F158C4CAE232E9A336B4684654E8C4244A468"
        },
        {
          "tcId": 59,
          "plainText": "1EF7AA4428CAB7C7051EE6DE8FABBF082156AF1F568897F22FFAF36B0C9AE0E3"
        },
        {
          "tcId": 60,
          "plainText": "64B240D0190212BD1AE34642BD1C6AA048EAD129B44595C1FC4858BBD3F524EF"
        },
        {
          "tcId": 61,
          "plainText": "B128D60DE1C0391121D318C8C5CC44E98CB90DD9DF8F92031DC902033E47A36F"
        },
        {
          "tcId": 62,
          "plainText": "A7275A31F74A3414EB2BE1547B0FBD35967D19B04758D010B155EF4B060E0571"
        },
        {
          "tcId": 63,
          "plainText": "4A185CEC539FC0A978BC4D3C937EB1A9B57F5DA516F222DA8F4E4DCFB58C981D"
        },
        {
          "tcId": 64,
          "plainText": "D7C2424948ED5999FA618022ACD7A9D2CDC865BBBD0BAB93FDF637ACD22117AC"
        },
        {
          "tcId": 65,
          "plainText": "28EB0722F84F572C3F10FF8333950FBBDD90D37A697C6A019E762E25C9A4F194"
        },
        {
          "tcId": 66,
          "plainText": "5278C6692C43C792951D4135B1AA547EFA7C7EDFCE9C65E1958E8CF9828D14AE"
        },
        {
          "tcId": 67,
          "plainText": "979632B64DB61C6B3D65DD406D52DCD9E9FC788216DE93522305FBCC52D2D8E2"
        },
        {
          "tcId": 68,
          "plainText": "63740431B58A45942A91D2AE02A7B0D050D3D21A863068750FF85FB82FDAAF27"
        },
        {
          "tcId": 69,
          "plainText": "2EF9342AEEBAA7AF4E63D70103F76B42C739F741DA33D78BA84F7BF8052F86CB"
        }
      ]
    },
    {
      "tgId": 4,
      "tests": [
        {
          "tcId": 70,
          "plainText": "18B263DD4FD2B586331DB416386C2D097E48E2659FD434B226251705DD577D60"
        },
        {
          "tcId": 71,
          "plainText": "CA24DDDA15266230FE4A68CCC4A1B207452D9AF041128E7D0D219423BB824F49"
        },
        {
          "tcId": 72,
          "plainText": "10EEE4D1325168651B7FC1BF97163A895CBF7058D7220397F0F5677E5B4769A0"
        },
        {
          "tcId": 73,
          "plainText": "C59395542D3677CE6CB868E1AAEDE1B7BB8DDD3C950E6D903D039E1A16F51114"
        },
        {
          "tcId": 74,
          "plainText": "DB4E3EB3532A22E1FF98EF5F37198F2AD4F006CE721D86478B1C0712506B8849"
        },
        {
          "tcId": 75,
          "plainText": "84D077569C4DCA64C296360B0800E4FCA898A84CAA61B7F6E5036E9E9BEABE78"
        },
        {
          "tcId": 76,
          "plainText": "DA4F5ADCAF5D846FA37E3A867BDCAA204486AB1DCAD36821C530B44010CCE8DA"
        },
        {
          "tcId": 77,
          "plainText": "5CC04E8058E7D0846174A4E4BAD07BEBBA15356A124EA4241CA29D1DFCBAA866"
        },
        {
          "tcId": 78,
          "plainText": "29E8E1A5B474B668FA0EBCFE67B833227251ECC57FF585AE2893FB62C5785224"
        },
        {
          "tcId": 79,
          "plainText": "D981B536B7177472197BE697DF387E7C2A1E426A16C59B783A376314BE6D490F"
        },
        {
          "tcId": 80,
          "plainText": "51DD11F9A64105B1C600A2FCAB2AF6F1FAB465C308D7000133BAE18DAE25DD8D"
        },
        {
          "tcId": 81,
          "plainText": "A0BB1577ED7C5AE6FEA7C81A5912D8BC0E8D3DA40840E2C53A526158DC98E2A6"
        },
        {
          "tcId": 82,
          "plainText": "444DA03AD733961201A897940BC8A61BD3C7EDF1A787F4970FB52BE905564B96"
        },
        {
          "tcId": 83,
          "plainText": "81D79877F2E88F6AB509E38AAFE6D167E3C914F7CA54186277FDE513FA1DD304"
        },
        {
          "tcId": 84,
          "plainText": "D4A04ACECE0EC4F1ABBADA5BF2C1FCBF7A79A858897937303025136CD341C9FF"
        },
        {
          "tcId": 85,
          "plainText": "BC980922CE6736DD0C0E87057AB5583FB790BE9D56120CA27E27E183EBF9146D"
        },
        {
          "tcId": 86,
          "plainText": "5CBE70175AB3FF8A643D15A986D6A9D8E9AFF5D1CB406BF4AAAC8560C80A7983"
        },
        {
          "tcId": 87,
          "plainText": "E0C3725706782E2D0418493EFB5B5E01B7465C36140432E7D615B8EF13CA7336"
        },
        {
          "tcId": 88,
          "plainText": "A1AB0DDF7CBDB7909DB923085C87565F9AA2D8D06E82D63E804B717FF9EF28CE"
        }
      ]
    }
  ]
}